Semana,Actividad_Principal,Tiempo_Dedicado_Horas,Inversión_Semanal,Personal_Involucrado,Resultado_Esperado
1,Configurar ChatGPT y crear primeros prompts dentales,4,50,Dentista + Recepcionista,Respuestas automáticas a 80% consultas básicas
2,Implementar chatbot básico en website,6,100,Dentista + Técnico,Aumento 30% en citas agendadas online
3,Conectar WhatsApp Business y configurar respuestas automáticas,8,75,Recepcionista + Asistente,Reducción 60% en no-shows
4,Capacitar equipo en uso básico de herramientas IA,2,0,Todo el equipo,Equipo capacitado en herramientas básicas
5,Integrar primera herramientas de análisis de imágenes,12,400,Dentista + Técnico,Detección automática básica en radiografías
6,Configurar automatización de citas y recordatorios,6,150,Recepcionista + Administrador,Agenda optimizada automáticamente
7,Implementar sistema de educación automática de pacientes,8,200,Dentista + Asistente,Pacientes mejor educados sobre tratamientos
8,Configurar seguimiento post-tratamiento automatizado,6,100,Asistente + Recepcionista,Monitoreo automático de recuperación
9,Integrar herramientas de predicción básicas,10,300,Dentista + Técnico,Predicciones básicas de éxito de tratamientos
10,Configurar reportes y analytics automáticos,4,100,Administrador,Reportes automáticos semanales
11,Optimizar todos los sistemas implementados,8,50,Todo el equipo,Sistema completo funcionando óptimamente
12,Evaluar resultados y planificar siguientes fases,4,0,Dentista + Administrador,Plan para siguientes 6 meses definido
